Question,Réponse
bonjour,"bonjour , comment puis je vous aider aujourd hui ?"
salut,"bonjour , comment puis je vous aider aujourd hui ?"
y a t il quelqu un ?,"bonjour , comment puis je vous aider aujourd hui ?"
salut là bas,"bonjour , comment puis je vous aider aujourd hui ?"
coucou,"bonjour , comment puis je vous aider aujourd hui ?"
salut,"bonjour , comment puis je vous aider aujourd hui ?"
bonjour,"bonjour , comment puis je vous aider aujourd hui ?"
salut là bas,"bonjour , comment puis je vous aider aujourd hui ?"
hé,"bonjour , comment puis je vous aider aujourd hui ?"
hé,"bonjour , comment puis je vous aider aujourd hui ?"
coucou,"bonjour , comment puis je vous aider aujourd hui ?"
au revoir,à plus tard
au revoir,bonne journée
au revoir,au revoir ! revenez bientôt
à plus tard,à plus tard
à plus tard,bonne journée
à plus tard,au revoir ! revenez bientôt
adieu,à plus tard
adieu,bonne journée
adieu,au revoir ! revenez bientôt
au revoir,à plus tard
au revoir,bonne journée
au revoir,au revoir ! revenez bientôt
merci,heureux d aider !
merci,n importe quand !
merci,avec plaisir
merci,vous êtes le bienvenu !
merci beaucoup,heureux d aider !
merci beaucoup,n importe quand !
merci beaucoup,avec plaisir
merci beaucoup,vous êtes le bienvenu !
c est utile,heureux d aider !
c est utile,n importe quand !
c est utile,avec plaisir
c est utile,vous êtes le bienvenu !
merci pour l aide,heureux d aider !
merci pour l aide,n importe quand !
merci pour l aide,avec plaisir
merci pour l aide,vous êtes le bienvenu !
qui êtes vous ?,je suis votre assistante bot .
qui êtes vous ?,je suis un bot intelligent artificiel .
qu êtes vous ?,je suis votre assistante bot .
qu êtes vous ?,je suis un bot intelligent artificiel .
parlez moi de vous,je suis votre assistante bot .
parlez moi de vous,je suis un bot intelligent artificiel .
quelles sont les activités réglementées par l amssnur ?,"l amssnur réglemente les activités et installations utilisant des sources de rayonnements ionisants et les installations de stockage définitif de catégorie i . pour plus d informations , veuillez visiter le site officiel de l agence http www . amssnur . org . ma"
quelles sont les responsabilités de l amssnur ?,"l amssnur réglemente les activités et installations utilisant des sources de rayonnements ionisants et les installations de stockage définitif de catégorie i . pour plus d informations , veuillez visiter le site officiel de l agence http www . amssnur . org . ma"
responsabilités,"l amssnur réglemente les activités et installations utilisant des sources de rayonnements ionisants et les installations de stockage définitif de catégorie i . pour plus d informations , veuillez visiter le site officiel de l agence http www . amssnur . org . ma"
quel est le rôle principal de l amssnur ?,"l amssnur instruit les demandes d autorisation , définit les exigences techniques , et approuve la mise en service des activités impliquant des sources de rayonnements ionisants et des installations de stockage définitif de catégorie i . pour plus d informations , veuillez visiter le site officiel de l agence http www . amssnur . org . ma"
le rôle de l amssnur,"l amssnur instruit les demandes d autorisation , définit les exigences techniques , et approuve la mise en service des activités impliquant des sources de rayonnements ionisants et des installations de stockage définitif de catégorie i . pour plus d informations , veuillez visiter le site officiel de l agence http www . amssnur . org . ma"
le rôle de cette entreprise,"l amssnur instruit les demandes d autorisation , définit les exigences techniques , et approuve la mise en service des activités impliquant des sources de rayonnements ionisants et des installations de stockage définitif de catégorie i . pour plus d informations , veuillez visiter le site officiel de l agence http www . amssnur . org . ma"
le rôle de l amssnur,"l amssnur instruit les demandes d autorisation , définit les exigences techniques , et approuve la mise en service des activités impliquant des sources de rayonnements ionisants et des installations de stockage définitif de catégorie i . pour plus d informations , veuillez visiter le site officiel de l agence http www . amssnur . org . ma"
rôle,"l amssnur instruit les demandes d autorisation , définit les exigences techniques , et approuve la mise en service des activités impliquant des sources de rayonnements ionisants et des installations de stockage définitif de catégorie i . pour plus d informations , veuillez visiter le site officiel de l agence http www . amssnur . org . ma"
quelles sont les responsabilités spécifiques de l amssnur pendant la phase de contrôle initial ?,"pendant la phase de contrôle initial , l amssnur fixe des conditions à suivre , telles que les exigences opérationnelles pour les installations et les mesures de sécurité lors du transport de substances radioactives . pour plus d informations , veuillez visiter le site officiel de l agence http www . amssnur . org . ma"
phase de contrôle,"pendant la phase de contrôle initial , l amssnur fixe des conditions à suivre , telles que les exigences opérationnelles pour les installations et les mesures de sécurité lors du transport de substances radioactives . pour plus d informations , veuillez visiter le site officiel de l agence http www . amssnur . org . ma"
responsabilités et contrôle,"pendant la phase de contrôle initial , l amssnur fixe des conditions à suivre , telles que les exigences opérationnelles pour les installations et les mesures de sécurité lors du transport de substances radioactives . pour plus d informations , veuillez visiter le site officiel de l agence http www . amssnur . org . ma"
quel rôle l amssnur joue t elle dans les processus législatifs et réglementaires concernant la sûreté nucléaire et radiologique ?,"l amssnur propose et donne son avis sur les textes législatifs et réglementaires relatifs à la sûreté nucléaire et radiologique . elle établit des exigences techniques et des règlements approuvés par l administration et publie des guides de bonnes pratiques pour les opérateurs si nécessaire . pour plus d informations , veuillez visiter le site officiel de l agence http www . amssnur . org . ma"
législatif,"l amssnur propose et donne son avis sur les textes législatifs et réglementaires relatifs à la sûreté nucléaire et radiologique . elle établit des exigences techniques et des règlements approuvés par l administration et publie des guides de bonnes pratiques pour les opérateurs si nécessaire . pour plus d informations , veuillez visiter le site officiel de l agence http www . amssnur . org . ma"
réglementaire,"l amssnur propose et donne son avis sur les textes législatifs et réglementaires relatifs à la sûreté nucléaire et radiologique . elle établit des exigences techniques et des règlements approuvés par l administration et publie des guides de bonnes pratiques pour les opérateurs si nécessaire . pour plus d informations , veuillez visiter le site officiel de l agence http www . amssnur . org . ma"
comment l amssnur contribue t elle à améliorer la sûreté des activités nucléaires et radiologiques ?,"l amssnur améliore la sûreté en proposant et en examinant des textes législatifs , en établissant des règlements techniques et en publiant des guides de bonnes pratiques pour les opérateurs , assurant ainsi le respect des normes de sécurité ."
rôle de l amssnur dans la sûreté,"l amssnur améliore la sûreté en proposant et en examinant des textes législatifs , en établissant des règlements techniques et en publiant des guides de bonnes pratiques pour les opérateurs , assurant ainsi le respect des normes de sécurité ."
sûreté,"l amssnur améliore la sûreté en proposant et en examinant des textes législatifs , en établissant des règlements techniques et en publiant des guides de bonnes pratiques pour les opérateurs , assurant ainsi le respect des normes de sécurité ."
quelles sont certaines responsabilités spécifiques de l amssnur pour assurer la sûreté nucléaire et radiologique ?,"les responsabilités de l amssnur incluent la proposition de textes législatifs , la définition d exigences techniques et la publication de guides de bonnes pratiques pour assurer la sûreté des opérations nucléaires et radiologiques ."
pouvez vous m aider ?,dites moi comment je peux vous aider .
donnez moi un coup de main s il vous plaît,dites moi comment je peux vous aider .
pouvez vous aider ?,dites moi comment je peux vous aider .
que pouvez vous faire pour moi ?,dites moi votre problème pour que je puisse vous aider .
j ai besoin de soutien,"oui bien sûr , comment puis je vous soutenir ?"
j ai besoin d aide,"oui bien sûr , comment puis je vous soutenir ?"
soutenez moi s il vous plaît,"oui bien sûr , comment puis je vous soutenir ?"
aidez moi,"oui bien sûr , comment puis je vous soutenir ?"
aide,"oui bien sûr , comment puis je vous soutenir ?"
que vérifie l amssnur ?,"l amssnur vérifie la conformité aux règles et règlements pour les installations ou activités impliquant des sources de rayonnements ionisants . pour plus d informations , veuillez visiter le site officiel de l agence http www . amssnur . org . ma"
que vérifie l amssnur ?,"l amssnur vérifie la conformité aux règles et règlements pour les installations ou activités impliquant des sources de rayonnements ionisants . pour plus d informations , veuillez visiter le site officiel de l agence http www . amssnur . org . ma"
quelle conformité amssnur assure t elle ?,"amssnur vérifie la conformité avec les règles et règlements pour les installations ou les activités impliquant des sources de rayonnement ionisant . pour plus d informations , veuillez consulter le site officiel de l agence http www . amssnur . org . ma"
amssnur et la vérification,"amssnur vérifie la conformité avec les règles et règlements pour les installations ou les activités impliquant des sources de rayonnement ionisant . pour plus d informations , veuillez consulter le site officiel de l agence http www . amssnur . org . ma"
quelle est l activité de contrôle fondamentale d amssnur ?,"l activité de contrôle fondamentale d amssnur est l inspection , visant à garantir que chaque opérateur assume pleinement ses responsabilités et se conforme aux réglementations relatives à la sécurité nucléaire et radiologique , aux garanties nucléaires et à la protection contre les radiations . pour plus d informations , veuillez consulter le site officiel de l agence http www . amssnur . org . ma"
quelle est la principale activité de contrôle d amssnur ?,"l activité de contrôle fondamentale d amssnur est l inspection , visant à garantir que chaque opérateur assume pleinement ses responsabilités et se conforme aux réglementations relatives à la sécurité nucléaire et radiologique , aux garanties nucléaires et à la protection contre les radiations . pour plus d informations , veuillez consulter le site officiel de l agence http www . amssnur . org . ma"
quelle est l activité de contrôle clé d amssnur ?,"l activité de contrôle fondamentale d amssnur est l inspection , visant à garantir que chaque opérateur assume pleinement ses responsabilités et se conforme aux réglementations relatives à la sécurité nucléaire et radiologique , aux garanties nucléaires et à la protection contre les radiations . pour plus d informations , veuillez consulter le site officiel de l agence http www . amssnur . org . ma"
amssnur et la vérification,"l activité de contrôle fondamentale d amssnur est l inspection , visant à garantir que chaque opérateur assume pleinement ses responsabilités et se conforme aux réglementations relatives à la sécurité nucléaire et radiologique , aux garanties nucléaires et à la protection contre les radiations . pour plus d informations , veuillez consulter le site officiel de l agence http www . amssnur . org . ma"
que vérifie amssnur ?,"amssnur vérifie la conformité avec les règles et règlements pour les installations ou les activités impliquant des sources de rayonnement ionisant . pour plus d informations , veuillez consulter le site officiel de l agence http www . amssnur . org . ma"
que vérifie amssnur ?,"amssnur vérifie la conformité avec les règles et règlements pour les installations ou les activités impliquant des sources de rayonnement ionisant . pour plus d informations , veuillez consulter le site officiel de l agence http www . amssnur . org . ma"
quelle conformité amssnur assure t elle ?,"amssnur assure la conformité avec les règles et règlements pour les installations ou les activités impliquant des sources de rayonnement ionisant . pour plus d informations , veuillez consulter le site officiel de l agence http www . amssnur . org . ma"
amssnur et la vérification,"amssnur vérifie la conformité avec les règles et règlements pour les installations ou les activités impliquant des sources de rayonnement ionisant . pour plus d informations , veuillez consulter le site officiel de l agence http www . amssnur . org . ma"
quel est le but des inspections d amssnur ?,"le but des inspections d amssnur est de protéger les travailleurs , les patients , le public et l environnement contre les risques associés aux rayonnements ionisants en garantissant le respect des réglementations de sécurité et de sûreté ."
pourquoi amssnur réalise t elle des inspections ?,"amssnur réalise des inspections pour protéger les travailleurs , les patients , le public et l environnement contre les risques associés aux rayonnements ionisants en garantissant le respect des réglementations de sécurité et de sûreté ."
quels sont les objectifs des inspections d amssnur ?,"les inspections d amssnur visent à protéger les travailleurs , les patients , le public et l environnement contre les risques associés aux rayonnements ionisants en garantissant le respect des réglementations de sécurité et de sûreté ."
pourquoi amssnur réalise t elle des inspections ?,"amssnur réalise des inspections pour protéger les travailleurs , les patients , le public et l environnement contre les risques associés aux rayonnements ionisants en garantissant le respect des réglementations de sécurité et de sûreté ."
réaliser des inspections,"amssnur réalise des inspections pour protéger les travailleurs , les patients , le public et l environnement contre les risques associés aux rayonnements ionisants en garantissant le respect des réglementations de sécurité et de sûreté ."
quels systèmes amssnur met elle en place ?,"amssnur met en place un système national de comptabilité et de contrôle des matériaux nucléaires , ainsi qu un registre national des sources de rayonnements ionisants . pour plus d informations , veuillez consulter le site officiel de l agence http www . amssnur . org . ma"
quels systèmes nationaux amssnur établit elle ?,"amssnur établit un système national de comptabilité et de contrôle des matériaux nucléaires , ainsi qu un registre national des sources de rayonnements ionisants . pour plus d informations , veuillez consulter le site officiel de l agence http www . amssnur . org . ma"
que fait amssnur concernant les matériaux nucléaires ?,"amssnur met en place un système national de comptabilité et de contrôle des matériaux nucléaires , ainsi qu un registre national des sources de rayonnements ionisants . pour plus d informations , veuillez consulter le site officiel de l agence http www . amssnur . org . ma"
les systèmes d amssnur,"amssnur met en place un système national de comptabilité et de contrôle des matériaux nucléaires , ainsi qu un registre national des sources de rayonnements ionisants . pour plus d informations , veuillez consulter le site officiel de l agence http www . amssnur . org . ma"
quand amssnur a t elle été créée ?,amssnur a été créée en .
en quelle année amssnur a t elle été établie ?,amssnur a été établie en .
indiquez l année de création d amssnur,amssnur a été créée en .
création de l agence,amssnur a été créée en .
la date de création d amssnur,amssnur a été créée en .
date de création,amssnur a été créée en .
que fait amssnur ?,"amssnur est responsable de la régulation et du contrôle des activités impliquant des sources de rayonnement ionisant . pour plus d informations , veuillez consulter le site officiel de l agence http www . amssnur . org . ma ."
quel est le but d amssnur ?,"amssnur est responsable de la régulation et du contrôle des activités impliquant des sources de rayonnement ionisant . pour plus d informations , veuillez consulter le site officiel de l agence http www . amssnur . org . ma ."
quelles sont les responsabilités d amssnur ?,"amssnur est responsable de la régulation et du contrôle des activités impliquant des sources de rayonnement ionisant . pour plus d informations , veuillez consulter le site officiel de l agence http www . amssnur . org . ma ."
but de l agence,"amssnur est responsable de la régulation et du contrôle des activités impliquant des sources de rayonnement ionisant . pour plus d informations , veuillez consulter le site officiel de l agence http www . amssnur . org . ma ."
but d amssnur,"amssnur est responsable de la régulation et du contrôle des activités impliquant des sources de rayonnement ionisant . pour plus d informations , veuillez consulter le site officiel de l agence http www . amssnur . org . ma ."
quel est le but d amssnur ?,"amssnur est responsable de la régulation et du contrôle des activités impliquant des sources de rayonnement ionisant . pour plus d informations , veuillez consulter le site officiel de l agence http www . amssnur . org . ma ."
but d amssnur,"amssnur est responsable de la régulation et du contrôle des activités impliquant des sources de rayonnement ionisant . pour plus d informations , veuillez consulter le site officiel de l agence http www . amssnur . org . ma ."
sous quelle loi amssnur a t elle été créée ?,"amssnur est responsable de la régulation et du contrôle des activités impliquant des sources de rayonnement ionisant . pour plus d informations , veuillez consulter le site officiel de l agence http www . amssnur . org . ma ."
quelle loi a établi amssnur ?,"amssnur est responsable de la régulation et du contrôle des activités impliquant des sources de rayonnement ionisant . pour plus d informations , veuillez consulter le site officiel de l agence http www . amssnur . org . ma ."
quelle législation a créé amssnur ?,"amssnur est responsable de la régulation et du contrôle des activités impliquant des sources de rayonnement ionisant . pour plus d informations , veuillez consulter le site officiel de l agence http www . amssnur . org . ma ."
loi de l agence,"amssnur est responsable de la régulation et du contrôle des activités impliquant des sources de rayonnement ionisant . pour plus d informations , veuillez consulter le site officiel de l agence http www . amssnur . org . ma ."
loi amssnur,"amssnur est responsable de la régulation et du contrôle des activités impliquant des sources de rayonnement ionisant . pour plus d informations , veuillez consulter le site officiel de l agence http www . amssnur . org . ma ."
quelle est la mission principale de l amssnur ?,"amssnur est responsable de la régulation et du contrôle des activités impliquant des sources de rayonnement ionisant . pour plus d informations , veuillez consulter le site officiel de l agence http www . amssnur . org . ma ."
quel est le rôle principal de l amssnur ?,"amssnur est responsable de la régulation et du contrôle des activités impliquant des sources de rayonnement ionisant . pour plus d informations , veuillez consulter le site officiel de l agence http www . amssnur . org . ma ."
quelle est la tâche principale de l amssnur ?,"amssnur est responsable de la régulation et du contrôle des activités impliquant des sources de rayonnement ionisant . pour plus d informations , veuillez consulter le site officiel de l agence http www . amssnur . org . ma ."
quelle conformité l amssnur assure t elle ?,"amssnur est responsable de la régulation et du contrôle des activités impliquant des sources de rayonnement ionisant . pour plus d informations , veuillez consulter le site officiel de l agence http www . amssnur . org . ma ."
quelles réglementations l amssnur applique t elle ?,"amssnur est responsable de la régulation et du contrôle des activités impliquant des sources de rayonnement ionisant . pour plus d informations , veuillez consulter le site officiel de l agence http www . amssnur . org . ma ."
quelles lois l amssnur veille t elle à respecter ?,"amssnur est responsable de la régulation et du contrôle des activités impliquant des sources de rayonnement ionisant . pour plus d informations , veuillez consulter le site officiel de l agence http www . amssnur . org . ma ."
quel type d organisation est l amssnur ?,"amssnur est responsable de la régulation et du contrôle des activités impliquant des sources de rayonnement ionisant . pour plus d informations , veuillez consulter le site officiel de l agence http www . amssnur . org . ma ."
l amssnur est elle une agence publique ?,"amssnur est responsable de la régulation et du contrôle des activités impliquant des sources de rayonnement ionisant . pour plus d informations , veuillez consulter le site officiel de l agence http www . amssnur . org . ma ."
quel genre d établissement est l amssnur ?,"amssnur est responsable de la régulation et du contrôle des activités impliquant des sources de rayonnement ionisant . pour plus d informations , veuillez consulter le site officiel de l agence http www . amssnur . org . ma ."
quelles sont les valeurs de l amssnur ?,"amssnur est responsable de la régulation et du contrôle des activités impliquant des sources de rayonnement ionisant . pour plus d informations , veuillez consulter le site officiel de l agence http www . amssnur . org . ma ."
parlez moi des principes de l amssnur,"amssnur est responsable de la régulation et du contrôle des activités impliquant des sources de rayonnement ionisant . pour plus d informations , veuillez consulter le site officiel de l agence http www . amssnur . org . ma ."
quels principes l amssnur suit elle ?,"amssnur est responsable de la régulation et du contrôle des activités impliquant des sources de rayonnement ionisant . pour plus d informations , veuillez consulter le site officiel de l agence http www . amssnur . org . ma ."
que signifie la pertinence pour l amssnur ?,"amssnur est responsable de la régulation et du contrôle des activités impliquant des sources de rayonnement ionisant . pour plus d informations , veuillez consulter le site officiel de l agence http www . amssnur . org . ma ."
expliquez la valeur de pertinence de l amssnur,"amssnur est responsable de la régulation et du contrôle des activités impliquant des sources de rayonnement ionisant . pour plus d informations , veuillez consulter le site officiel de l agence http www . amssnur . org . ma ."
comment l amssnur démontre t elle sa pertinence ?,"amssnur est responsable de la régulation et du contrôle des activités impliquant des sources de rayonnement ionisant . pour plus d informations , veuillez consulter le site officiel de l agence http www . amssnur . org . ma ."
comment amssnur gère t elle la transparence et la confidentialité ?,"amssnur communique de manière transparente sur la sécurité nucléaire auprès du public et des parties prenantes tout en respectant la confidentialité et la neutralité concernant les données des exploitants . pour plus d informations , veuillez visiter le site officiel de l agence http www . amssnur . org . ma"
que fait amssnur pour la transparence ?,"amssnur communique de manière transparente sur la sécurité nucléaire auprès du public et des parties prenantes tout en respectant la confidentialité et la neutralité concernant les données des exploitants . pour plus d informations , veuillez visiter le site officiel de l agence http www . amssnur . org . ma"
quelle est l approche d amssnur en matière de confidentialité ?,"amssnur communique de manière transparente sur la sécurité nucléaire auprès du public et des parties prenantes tout en respectant la confidentialité et la neutralité concernant les données des exploitants . pour plus d informations , veuillez visiter le site officiel de l agence http www . amssnur . org . ma"
que signifie la rigueur pour amssnur ?,"la rigueur pour amssnur signifie suivre des procédures claires et compréhensibles dans toutes les actions et décisions pour maintenir un niveau élevé de sécurité dans les activités nucléaires . pour plus d informations , veuillez visiter le site officiel de l agence http www . amssnur . org . ma"
expliquez la valeur de la rigueur pour amssnur,"la rigueur pour amssnur signifie suivre des procédures claires et compréhensibles dans toutes les actions et décisions pour maintenir un niveau élevé de sécurité dans les activités nucléaires . pour plus d informations , veuillez visiter le site officiel de l agence http www . amssnur . org . ma"
comment amssnur montre t elle de la rigueur ?,"la rigueur pour amssnur signifie suivre des procédures claires et compréhensibles dans toutes les actions et décisions pour maintenir un niveau élevé de sécurité dans les activités nucléaires . pour plus d informations , veuillez visiter le site officiel de l agence http www . amssnur . org . ma"
comment amssnur maintient elle son indépendance ?,"amssnur est une agence de régulation indépendante comme l exige la loi n , prenant des décisions de manière indépendante selon les normes et conventions auxquelles le royaume est abonné . pour plus d informations , veuillez visiter le site officiel de l agence http www . amssnur . org . ma"
quelle est la valeur de l indépendance pour amssnur ?,"amssnur est une agence de régulation indépendante comme l exige la loi n , prenant des décisions de manière indépendante selon les normes et conventions auxquelles le royaume est abonné . pour plus d informations , veuillez visiter le site officiel de l agence http www . amssnur . org . ma"
pourquoi l indépendance est elle importante pour amssnur ?,"amssnur est une agence de régulation indépendante comme l exige la loi n , prenant des décisions de manière indépendante selon les normes et conventions auxquelles le royaume est abonné . pour plus d informations , veuillez visiter le site officiel de l agence http www . amssnur . org . ma"
quels sont les domaines d expertise d amssnur ?,"les domaines d expertise d amssnur incluent la sécurité radiologique , la protection de l environnement , la sécurité nucléaire et la non prolifération , la sécurité nucléaire , la gestion des déchets radioactifs et les situations d urgence nucléaire ou radiologique . pour plus d informations , veuillez visiter le site officiel de l agence http www . amssnur . org . ma"
parlez moi des domaines d expertise d amssnur,"les domaines d expertise d amssnur incluent la sécurité radiologique , la protection de l environnement , la sécurité nucléaire et la non prolifération , la sécurité nucléaire , la gestion des déchets radioactifs et les situations d urgence nucléaire ou radiologique . pour plus d informations , veuillez visiter le site officiel de l agence http www . amssnur . org . ma"
dans quels domaines amssnur se spécialise t elle ?,"les domaines d expertise d amssnur incluent la sécurité radiologique , la protection de l environnement , la sécurité nucléaire et la non prolifération , la sécurité nucléaire , la gestion des déchets radioactifs et les situations d urgence nucléaire ou radiologique . pour plus d informations , veuillez visiter le site officiel de l agence http www . amssnur . org . m"
que fait amssnur en matière de sécurité radiologique ?,"amssnur assure la sécurité des activités impliquant des radiations ionisantes pour protéger les personnes et l environnement . pour plus d informations , veuillez visiter le site officiel de l agence http www . amssnur . org . ma"
expliquez l expertise d amssnur en matière de sécurité radiologique,"amssnur assure la sécurité des activités impliquant des radiations ionisantes pour protéger les personnes et l environnement . pour plus d informations , veuillez visiter le site officiel de l agence http www . amssnur . org . ma"
comment amssnur gère t elle la sécurité radiologique ?,"amssnur assure la sécurité des activités impliquant des radiations ionisantes pour protéger les personnes et l environnement . pour plus d informations , veuillez visiter le site officiel de l agence http www . amssnur . org . ma"
comment amssnur protège t elle l environnement ?,"amssnur travaille à protéger l environnement des dangers des radiations ionisantes par le biais de régulations et de contrôles stricts . pour plus d informations , veuillez visiter le site officiel de l agence http www . amssnur . org . ma"
quel est le rôle d amssnur en matière de protection de l environnement ?,"amssnur travaille à protéger l environnement des dangers des radiations ionisantes par le biais de régulations et de contrôles stricts . pour plus d informations , veuillez visiter le site officiel de l agence http www . amssnur . org . ma"
parlez moi des efforts d amssnur en matière de protection de l environnement,"amssnur travaille à protéger l environnement des dangers des radiations ionisantes par le biais de régulations et de contrôles stricts . pour plus d informations , veuillez visiter le site officiel de l agence http www . amssnur . org . ma"
quel est le rôle d amssnur en matière de sécurité nucléaire ?,"amssnur assure la sécurité nucléaire et travaille à prévenir la prolifération des armes nucléaires par une surveillance et des régulations rigoureuses . pour plus d informations , veuillez visiter le site officiel de l agence http www . amssnur . org . ma"
comment amssnur gère t elle la non prolifération nucléaire ?,"amssnur assure la sécurité nucléaire et travaille à prévenir la prolifération des armes nucléaires par une surveillance et des régulations rigoureuses . pour plus d informations , veuillez visiter le site officiel de l agence http www . amssnur . org . ma"
que fait amssnur pour la sécurité nucléaire et la non prolifération ?,"amssnur assure la sécurité nucléaire et travaille à prévenir la prolifération des armes nucléaires par une surveillance et des régulations rigoureuses . pour plus d informations , veuillez visiter le site officiel de l agence http www . amssnur . org . ma"
que fait amssnur en matière de sécurité nucléaire ?,"amssnur veille à ce que les activités nucléaires respectent les normes de sécurité pour protéger les personnes et l environnement . pour plus d informations , veuillez visiter le site officiel de l agence http www . amssnur . org . ma"
expliquez l expertise d amssnur en matière de sécurité nucléaire,"amssnur veille à ce que les activités nucléaires respectent les normes de sécurité pour protéger les personnes et l environnement . pour plus d informations , veuillez visiter le site officiel de l agence http www . amssnur . org . ma"
comment amssnur gère t elle la sécurité nucléaire ?,"amssnur veille à ce que les activités nucléaires respectent les normes de sécurité pour protéger les personnes et l environnement . pour plus d informations , veuillez visiter le site officiel de l agence http www . amssnur . org . ma"
comment amssnur gère t elle les déchets radioactifs ?,"amssnur veille à la gestion et à l élimination sécurisées des déchets radioactifs pour protéger la santé publique et l environnement . pour plus d informations , veuillez visiter le site officiel de l agence http www . amssnur . org . ma"
quel est le rôle d amssnur en matière de sécurité des déchets radioactifs ?,"amssnur veille à la gestion et à l élimination sécurisées des déchets radioactifs pour protéger la santé publique et l environnement . pour plus d informations , veuillez visiter le site officiel de l agence http www . amssnur . org . ma"
parlez moi du travail d amssnur en matière de gestion des déchets radioactifs,"amssnur veille à la gestion et à l élimination sécurisées des déchets radioactifs pour protéger la santé publique et l environnement . pour plus d informations , veuillez visiter le site officiel de l agence http www . amssnur . org . ma"
comment amssnur répond elle aux urgences nucléaires ?,"amssnur est prête à répondre aux urgences nucléaires ou radiologiques pour protéger le public et l environnement . pour plus d informations , veuillez visiter le site officiel de l agence http www . amssnur . org . ma"
quel est le rôle d amssnur en cas de situation d urgence ?,"amssnur est prête à répondre aux urgences nucléaires ou radiologiques pour protéger le public et l environnement . pour plus d informations , veuillez visiter le site officiel de l agence http www . amssnur . org . ma"
expliquez les efforts d amssnur en matière de réponse aux urgences,"amssnur est prête à répondre aux urgences nucléaires ou radiologiques pour protéger le public et l environnement . pour plus d informations , veuillez visiter le site officiel de l agence http www . amssnur . org . ma"
comment puis je contacter amssnur ?,vous pouvez contacter amssnur par les moyens suivants
quels sont les coordonnées d amssnur ?,vous pouvez contacter amssnur par les moyens suivants
où puis je trouver les coordonnées d amssnur ?,vous pouvez contacter amssnur par les moyens suivants
quel est le site web d amssnur ?,le site web d amssnur est http www . amssnur . org . ma
où puis je trouver le site web d amssnur ?,le site web d amssnur est http www . amssnur . org . ma
donnez moi l adresse du site web d amssnur .,le site web d amssnur est http www . amssnur . org . ma
quel est l email d amssnur ?,vous pouvez contacter amssnur par email à l adresse contact amssnur . org . ma .
où puis je trouver l email d amssnur ?,vous pouvez contacter amssnur par email à l adresse contact amssnur . org . ma .
donnez moi l adresse email d amssnur .,vous pouvez contacter amssnur par email à l adresse contact amssnur . org . ma .
quels sont les numéros de téléphone d amssnur ?,les numéros de téléphone d amssnur sont principal et secondaire .
donnez moi les numéros de téléphone d amssnur .,les numéros de téléphone d amssnur sont principal et secondaire .
où puis je trouver les numéros de téléphone d amssnur ?,les numéros de téléphone d amssnur sont principal et secondaire .
quelle est l adresse d amssnur ?,"le bureau d amssnur est situé à espace les patios , angle boulevards annakhil et mehdi ben barka , hay riad , rabat , maroc , b . p . r . p ."
où puis je trouver le bureau d amssnur ?,"le bureau d amssnur est situé à espace les patios , angle boulevards annakhil et mehdi ben barka , hay riad , rabat , maroc , b . p . r . p ."
donnez moi l adresse d amssnur .,"le bureau d amssnur est situé à espace les patios , angle boulevards annakhil et mehdi ben barka , hay riad , rabat , maroc , b . p . r . p ."
quel est le linkedin d amssnur ?,vous pouvez trouver amssnur sur linkedin à l adresse https ma . linkedin . com company amssnur .
où puis je trouver le linkedin d amssnur ?,vous pouvez trouver amssnur sur linkedin à l adresse https ma . linkedin . com company amssnur .
donnez moi le linkedin d amssnur .,vous pouvez trouver amssnur sur linkedin à l adresse https ma . linkedin . com company amssnur .
qui est le directeur d amssnur ?,le directeur actuel d amssnur est m . said mouline .
parlez moi du directeur d amssnur .,m . said mouline est le directeur d amssnur .
qui dirige amssnur ?,le directeur actuel d amssnur est m . said mouline .
