question,answer
Hello,"Hello, how can I assist you today?"
Hi,"Hello, how can I assist you today?"
Is anyone there?,"Hello, how can I assist you today?"
Hi there,"Hello, how can I assist you today?"
Hay,"Hello, how can I assist you today?"
hi,"Hello, how can I assist you today?"
hello,"Hello, how can I assist you today?"
hi there,"Hello, how can I assist you today?"
hey,"Hello, how can I assist you today?"
Hey,"Hello, how can I assist you today?"
hay,"Hello, how can I assist you today?"
Bye,See you later
Bye,Have a nice day
Bye,Bye! Come back again
See you later,See you later
See you later,Have a nice day
See you later,Bye! Come back again
Goodbye,See you later
Goodbye,Have a nice day
Goodbye,Bye! Come back again
bye,See you later
bye,Have a nice day
bye,Bye! Come back again
Thanks,Happy to help!
Thanks,Any time!
Thanks,My pleasure
Thanks,You're most welcome!
Thank you,Happy to help!
Thank you,Any time!
Thank you,My pleasure
Thank you,You're most welcome!
That's helpful,Happy to help!
That's helpful,Any time!
That's helpful,My pleasure
That's helpful,You're most welcome!
Thanks for the help,Happy to help!
Thanks for the help,Any time!
Thanks for the help,My pleasure
Thanks for the help,You're most welcome!
Who are you?,I'm your bot assistant.
Who are you?,I'm an Artificial Intelligent bot.
What are you?,I'm your bot assistant.
What are you?,I'm an Artificial Intelligent bot.
Tell me about yourself,I'm your bot assistant.
Tell me about yourself,I'm an Artificial Intelligent bot.
What types of activities does AMSSNuR regulate?,"AMSSNuR regulates activities and installations using ionizing radiation sources and Category I final storage facilities. 
What are the responsibilities of AMSSNuR?,"AMSSNuR regulates activities and installations using ionizing radiation sources and Category I final storage facilities. 
responsabilities,"AMSSNuR regulates activities and installations using ionizing radiation sources and Category I final storage facilities. 
What is AMSSNuR's primary role?,"AMSSNuR instructs authorization requests, defines technical requirements, and approves the commissioning of activities involving ionizing radiation sources and Category I final storage facilities. 
The role of AMSSNuR,"AMSSNuR instructs authorization requests, defines technical requirements, and approves the commissioning of activities involving ionizing radiation sources and Category I final storage facilities. To know more information, please visit the official website of the agency: http://www.amssnur.org.ma"
the role of this company,"AMSSNuR instructs authorization requests, defines technical requirements, and approves the commissioning of activities involving ionizing radiation sources and Category I final storage facilities. 
AMSSNur's role,"AMSSNuR instructs authorization requests, defines technical requirements, and approves the commissioning of activities involving ionizing radiation sources and Category I final storage facilities. To know more information, please visit the official website of the agency: http://www.amssnur.org.ma"
role,"AMSSNuR instructs authorization requests, defines technical requirements, and approves the commissioning of activities involving ionizing radiation sources and Category I final storage facilities. To know more information, please visit the official website of the agency: http://www.amssnur.org.ma"
What specific responsibilities does AMSSNuR have during the initial control phase?,"During the initial control phase, AMSSNuR sets conditions that must be followed, such as operational requirements for installations and safety measures during the transportation of radioactive substances. To know more information, please visit the official website of the agency: http://www.amssnur.org.ma"
control phase,"During the initial control phase, AMSSNuR sets conditions that must be followed, such as operational requirements for installations and safety measures during the transportation of radioactive substances. To know more information, please visit the official website of the agency: http://www.amssnur.org.ma"
responsibilities and control,"During the initial control phase, AMSSNuR sets conditions that must be followed, such as operational requirements for installations and safety measures during the transportation of radioactive substances. 
What role does AMSSNuR play in legislative and regulatory processes concerning nuclear and radiological safety?,"AMSSNuR proposes and provides its opinion on legislative and regulatory texts related to nuclear and radiological safety. They establish technical requirements and regulations that are approved by the Administration and publish best practice guides for operators as necessary. 
Legislative,"AMSSNuR proposes and provides its opinion on legislative and regulatory texts related to nuclear and radiological safety. They establish technical requirements and regulations that are approved by the Administration and publish best practice guides for operators as necessary."
regulatory,"AMSSNuR proposes and provides its opinion on legislative and regulatory texts related to nuclear and radiological safety. They establish technical requirements and regulations that are approved by the Administration and publish best practice guides for operators as necessary. "
How does AMSSNuR contribute to enhancing safety in nuclear and radiological activities?,"AMSSNuR enhances safety by proposing and reviewing legislative texts, establishing technical regulations, and issuing best practice guides for operators, ensuring adherence to safety standards."
role of amssnur in safety,"AMSSNuR enhances safety by proposing and reviewing legislative texts, establishing technical regulations, and issuing best practice guides for operators, ensuring adherence to safety standards."
safety,"AMSSNuR enhances safety by proposing and reviewing legislative texts, establishing technical regulations, and issuing best practice guides for operators, ensuring adherence to safety standards."
What are some specific responsibilities of AMSSNuR in ensuring nuclear and radiological safety?,"AMSSNuR's responsibilities include proposing legislative texts, defining technical requirements, and publishing best practice guides to ensure safety in nuclear and radiological operations."
Could you help me?,Tell me how can I assist you.
Give me a hand please,Tell me how can I assist you.
Can you help?,Tell me how can I assist you.
What can you do for me?,Tell me your problem to assist you.
I need support,"Yes sure, how can I support you?"
I need help,"Yes sure, how can I support you?"
Support me please,"Yes sure, how can I support you?"
help me,"Yes sure, how can I support you?"
help,"Yes sure, how can I support you?"
What does AMSSNuR check for?,AMSSNuR checks compliance with rules and regulations for installations or activities involving ionizing radiation sources. To know more information please visit the official website of the agency: http://www.amssnur.org.ma
What does AMSSNuR verify?,AMSSNuR checks compliance with rules and regulations for installations or activities involving ionizing radiation sources. To know more information please visit the official website of the agency: http://www.amssnur.org.ma
What compliance does AMSSNuR ensure?,AMSSNuR checks compliance with rules and regulations for installations or activities involving ionizing radiation sources. To know more information please visit the official website of the agency: http://www.amssnur.org.ma
Amssnur and verification,AMSSNuR checks compliance with rules and regulations for installations or activities involving ionizing radiation sources. To know more information please visit the official website of the agency: http://www.amssnur.org.ma
What is the fundamental control activity of AMSSNuR?,"The fundamental control activity of AMSSNuR is inspection, which aims to ensure that every operator fully assumes their responsibility and complies with regulations related to nuclear and radiological safety, nuclear guarantees, and radiation protection. To know more information please visit the official website of the agency: http://www.amssnur.org.ma"
What is AMSSNuR's main control activity?,"The fundamental control activity of AMSSNuR is inspection, which aims to ensure that every operator fully assumes their responsibility and complies with regulations related to nuclear and radiological safety, nuclear guarantees, and radiation protection. To know more information please visit the official website of the agency: http://www.amssnur.org.ma"
What is the key control activity of AMSSNuR?,"The fundamental control activity of AMSSNuR is inspection, which aims to ensure that every operator fully assumes their responsibility and complies with regulations related to nuclear and radiological safety, nuclear guarantees, and radiation protection. To know more information please visit the official website of the agency: http://www.amssnur.org.ma"
Amssnur and verification,"The fundamental control activity of AMSSNuR is inspection, which aims to ensure that every operator fully assumes their responsibility and complies with regulations related to nuclear and radiological safety, nuclear guarantees, and radiation protection. To know more information please visit the official website of the agency: http://www.amssnur.org.ma"
What does AMSSNuR check for?,AMSSNuR checks compliance with rules and regulations for installations or activities involving ionizing radiation sources. To know more information please visit the official website of the agency: http://www.amssnur.org.ma
What does AMSSNuR verify?,AMSSNuR verifies compliance with rules and regulations for installations or activities involving ionizing radiation sources. To know more information please visit the official website of the agency: http://www.amssnur.org.ma
What compliance does AMSSNuR ensure?,AMSSNuR ensures compliance with rules and regulations for installations or activities involving ionizing radiation sources. To know more information please visit the official website of the agency: http://www.amssnur.org.ma
Amssnur and verification,AMSSNuR checks compliance with rules and regulations for installations or activities involving ionizing radiation sources. To know more information please visit the official website of the agency: http://www.amssnur.org.ma
What is the purpose of AMSSNuR's inspections?,"The purpose of AMSSNuR's inspections is to protect workers, patients, the public, and the environment from the risks associated with ionizing radiation by ensuring compliance with safety and security regulations."
Why does AMSSNuR conduct inspections?,"AMSSNuR conducts inspections to protect workers, patients, the public, and the environment from the risks associated with ionizing radiation by ensuring compliance with safety and security regulations."
What do AMSSNuR inspections aim to achieve?,"AMSSNuR inspections aim to protect workers, patients, the public, and the environment from the risks associated with ionizing radiation by ensuring compliance with safety and security regulations."
Why does AMSSNUR conduct inspections?,"AMSSNuR conducts inspections to protect workers, patients, the public, and the environment from the risks associated with ionizing radiation by ensuring compliance with safety and security regulations."
conduct inspections,"AMSSNuR conducts inspections to protect workers, patients, the public, and the environment from the risks associated with ionizing radiation by ensuring compliance with safety and security regulations."
What systems does AMSSNuR implement?,"AMSSNuR implements a national accounting and control system for nuclear materials, as well as a national register of ionizing radiation sources. To know more information, please visit the official website of the agency: http://www.amssnur.org.ma"
What national systems does AMSSNuR set up?,"AMSSNuR sets up a national accounting and control system for nuclear materials, as well as a national register of ionizing radiation sources. To know more information, please visit the official website of the agency: http://www.amssnur.org.ma"
What does AMSSNuR do regarding nuclear materials?,"AMSSNuR implements a national accounting and control system for nuclear materials, as well as a national register of ionizing radiation sources. To know more information, please visit the official website of the agency: http://www.amssnur.org.ma"
amssnur's systems,"AMSSNuR implements a national accounting and control system for nuclear materials, as well as a national register of ionizing radiation sources. To know more information, please visit the official website of the agency: http://www.amssnur.org.ma"
When was AMSSNuR created?,AMSSNuR was created in 2014.
In which year was AMSSNuR established?,AMSSNuR was established in 2014.
Tell me the creation year of AMSSNuR,AMSSNuR was created in 2014.
agency creation,AMSSNuR was created in 2014.
the date of creation of amssnur,AMSSNuR was created in 2014.
date of creation,AMSSNuR was created in 2014.
What does AMSSNuR do?,AMSSNuR is responsible for regulating and controlling activities involving ionizing radiation sources. To know more informations please visit the official website of the agency: http://www.amssnur.org.ma.
What is the purpose of AMSSNuR?,AMSSNuR is responsible for regulating and controlling activities involving ionizing radiation sources. To know more informations please visit the official website of the agency: http://www.amssnur.org.ma.
What are the responsibilities of AMSSNuR?,AMSSNuR is responsible for regulating and controlling activities involving ionizing radiation sources. To know more informations please visit the official website of the agency: http://www.amssnur.org.ma.
agency purpose,AMSSNuR is responsible for regulating and controlling activities involving ionizing radiation sources. To know more informations please visit the official website of the agency: http://www.amssnur.org.ma.
amssnur's purpose,AMSSNuR is responsible for regulating and controlling activities involving ionizing radiation sources. To know more informations please visit the official website of the agency: http://www.amssnur.org.ma.
the purpose of amssnur,AMSSNuR is responsible for regulating and controlling activities involving ionizing radiation sources. To know more informations please visit the official website of the agency: http://www.amssnur.org.ma.
amssnur purpose,AMSSNuR is responsible for regulating and controlling activities involving ionizing radiation sources. To know more informations please visit the official website of the agency: http://www.amssnur.org.ma.
Under which law was AMSSNuR created?,AMSSNuR was created under law n°142-12. To know more informations please visit the official website of the agency: http://www.amssnur.org.ma.
What law established AMSSNuR?,AMSSNuR was created under law n°142-12. To know more informations please visit the official website of the agency: http://www.amssnur.org.ma.
Which legislation created AMSSNuR?,AMSSNuR was created under law n°142-12. To know more informations please visit the official website of the agency: http://www.amssnur.org.ma.
agency law,AMSSNuR was created under law n°142-12. To know more informations please visit the official website of the agency: http://www.amssnur.org.ma.
amssnur law,AMSSNuR was created under law n°142-12. To know more informations please visit the official website of the agency: http://www.amssnur.org.ma.
What is the main mission of AMSSNuR?,The main mission of AMSSNuR is to ensure the safety and security of nuclear and radiological activities and installations. To know more informations please visit the official website of the agency: http://www.amssnur.org.ma
What is the primary role of AMSSNuR?,The main mission of AMSSNuR is to ensure the safety and security of nuclear and radiological activities and installations. To know more informations please visit the official website of the agency: http://www.amssnur.org.ma
What is AMSSNuR's main task?,The main mission of AMSSNuR is to ensure the safety and security of nuclear and radiological activities and installations. To know more informations please visit the official website of the agency: http://www.amssnur.org.ma
What compliance does AMSSNuR ensure?,AMSSNuR ensures compliance with the safety and security regulations of nuclear and radiological activities as per law n°142-12 and international commitments. To know more informations please visit the official website of the agency: http://www.amssnur.org.ma
What regulations does AMSSNuR enforce?,AMSSNuR ensures compliance with the safety and security regulations of nuclear and radiological activities as per law n°142-12 and international commitments. To know more informations please visit the official website of the agency: http://www.amssnur.org.ma
What laws does AMSSNuR make sure to follow?,AMSSNuR ensures compliance with the safety and security regulations of nuclear and radiological activities as per law n°142-12 and international commitments. To know more informations please visit the official website of the agency: http://www.amssnur.org.ma
What type of organization is AMSSNuR?,AMSSNuR is a public establishment with a strategic character. To know more informations please visit the official website of the agency: http://www.amssnur.org.ma
Is AMSSNuR a public agency?,AMSSNuR is a public establishment with a strategic character. To know more informations please visit the official website of the agency: http://www.amssnur.org.ma
What kind of establishment is AMSSNuR?,AMSSNuR is a public establishment with a strategic character. To know more informations please visit the official website of the agency: http://www.amssnur.org.ma
What are the values of AMSSNuR?,"AMSSNuR follows values of pertinence, transparency, confidentiality, rigor, and independence. To know more informations please visit the official website of the agency: http://www.amssnur.org.ma"
Tell me about AMSSNuR's principles,"AMSSNuR follows values of pertinence, transparency, confidentiality, rigor, and independence. To know more informations please visit the official website of the agency: http://www.amssnur.org.ma"
What principles does AMSSNuR follow?,"AMSSNuR follows values of pertinence, transparency, confidentiality, rigor, and independence. To know more informations please visit the official website of the agency: http://www.amssnur.org.ma"
What does pertinence mean for AMSSNuR?,"Pertinence for AMSSNuR means performing its missions and activities with a high level of technical, scientific, legal, and communication relevance to protect people and the environment. To know more informations please visit the official website of the agency: http://www.amssnur.org.ma"
Explain AMSSNuR's value of pertinence,"Pertinence for AMSSNuR means performing its missions and activities with a high level of technical, scientific, legal, and communication relevance to protect people and the environment. To know more informations please visit the official website of the agency: http://www.amssnur.org.ma"
How does AMSSNuR show pertinence?,"Pertinence for AMSSNuR means performing its missions and activities with a high level of technical, scientific, legal, and communication relevance to protect people and the environment. To know more informations please visit the official website of the agency: http://www.amssnur.org.ma"
How does AMSSNuR handle transparency and confidentiality?,AMSSNuR reports on nuclear safety transparently to the public and stakeholders while respecting confidentiality and neutrality regarding data from operators. To know more informations please visit the official website of the agency: http://www.amssnur.org.ma
What does AMSSNuR do for transparency?,AMSSNuR reports on nuclear safety transparently to the public and stakeholders while respecting confidentiality and neutrality regarding data from operators. To know more informations please visit the official website of the agency: http://www.amssnur.org.ma
What is AMSSNuR's approach to confidentiality?,AMSSNuR reports on nuclear safety transparently to the public and stakeholders while respecting confidentiality and neutrality regarding data from operators. To know more informations please visit the official website of the agency: http://www.amssnur.org.ma
What does rigor mean for AMSSNuR?,Rigor for AMSSNuR means following clear and understandable procedures in all actions and decisions to maintain a high level of safety and security in nuclear activities. To know more informations please visit the official website of the agency: http://www.amssnur.org.ma
Explain AMSSNuR's value of rigor,Rigor for AMSSNuR means following clear and understandable procedures in all actions and decisions to maintain a high level of safety and security in nuclear activities. To know more informations please visit the official website of the agency: http://www.amssnur.org.ma
How does AMSSNuR show rigor?,Rigor for AMSSNuR means following clear and understandable procedures in all actions and decisions to maintain a high level of safety and security in nuclear activities. To know more informations please visit the official website of the agency: http://www.amssnur.org.ma
How does AMSSNuR maintain independence?,"AMSSNuR is an independent regulatory agency as required by law n° 142-12, making decisions independently according to the standards and conventions subscribed to by the Kingdom. To know more informations please visit the official website of the agency: http://www.amssnur.org.ma"
What is AMSSNuR's value of independence?,"AMSSNuR is an independent regulatory agency as required by law n° 142-12, making decisions independently according to the standards and conventions subscribed to by the Kingdom. To know more informations please visit the official website of the agency: http://www.amssnur.org.ma"
Why is independence important to AMSSNuR?,"AMSSNuR is an independent regulatory agency as required by law n° 142-12, making decisions independently according to the standards and conventions subscribed to by the Kingdom. To know more informations please visit the official website of the agency: http://www.amssnur.org.ma"
What are AMSSNuR's domains of expertise?,"AMSSNuR's domains of expertise include radiological safety, environmental protection, nuclear security & non-proliferation, nuclear safety, radioactive waste management safety, and emergency nuclear or radiological situations. To know more informations please visit the official website of the agency: http://www.amssnur.org.ma"
Tell me about AMSSNuR's areas of expertise,"AMSSNuR's domains of expertise include radiological safety, environmental protection, nuclear security & non-proliferation, nuclear safety, radioactive waste management safety, and emergency nuclear or radiological situations. To know more informations please visit the official website of the agency: http://www.amssnur.org.ma"
What fields does AMSSNuR specialize in?,"AMSSNuR's domains of expertise include radiological safety, environmental protection, nuclear security & non-proliferation, nuclear safety, radioactive waste management safety, and emergency nuclear or radiological situations. To know more informations please visit the official website of the agency: http://www.amssnur.org.m"
What does AMSSNuR do in radiological safety?,AMSSNuR ensures the safety of activities involving ionizing radiation to protect people and the environment. To know more informations please visit the official website of the agency: http://www.amssnur.org.ma
Explain AMSSNuR's expertise in radiological safety,AMSSNuR ensures the safety of activities involving ionizing radiation to protect people and the environment. To know more informations please visit the official website of the agency: http://www.amssnur.org.ma
How does AMSSNuR handle radiological safety?,AMSSNuR ensures the safety of activities involving ionizing radiation to protect people and the environment. To know more informations please visit the official website of the agency: http://www.amssnur.org.ma
How does AMSSNuR protect the environment?,AMSSNuR works to protect the environment from the dangers of ionizing radiation through strict regulations and controls. To know more informations please visit the official website of the agency: http://www.amssnur.org.ma
What is AMSSNuR's role in environmental protection?,AMSSNuR works to protect the environment from the dangers of ionizing radiation through strict regulations and controls. To know more informations please visit the official website of the agency: http://www.amssnur.org.ma
Tell me about AMSSNuR's environmental protection efforts,AMSSNuR works to protect the environment from the dangers of ionizing radiation through strict regulations and controls. To know more informations please visit the official website of the agency: http://www.amssnur.org.ma
What is AMSSNuR's role in nuclear security?,AMSSNuR ensures nuclear security and works to prevent the spread of nuclear weapons through rigorous monitoring and regulations. To know more informations please visit the official website of the agency: http://www.amssnur.org.ma
How does AMSSNuR handle nuclear non-proliferation?,AMSSNuR ensures nuclear security and works to prevent the spread of nuclear weapons through rigorous monitoring and regulations. To know more informations please visit the official website of the agency: http://www.amssnur.org.ma
What does AMSSNuR do for nuclear security and non-proliferation?,AMSSNuR ensures nuclear security and works to prevent the spread of nuclear weapons through rigorous monitoring and regulations. To know more informations please visit the official website of the agency: http://www.amssnur.org.ma
What does AMSSNuR do in nuclear safety?,AMSSNuR ensures that nuclear activities comply with safety standards to protect people and the environment. To know more informations please visit the official website of the agency: http://www.amssnur.org.ma
Explain AMSSNuR's expertise in nuclear safety,AMSSNuR ensures that nuclear activities comply with safety standards to protect people and the environment. To know more informations please visit the official website of the agency: http://www.amssnur.org.ma
How does AMSSNuR handle nuclear safety?,AMSSNuR ensures that nuclear activities comply with safety standards to protect people and the environment. To know more informations please visit the official website of the agency: http://www.amssnur.org.ma
How does AMSSNuR manage radioactive waste?,AMSSNuR ensures the safe management and disposal of radioactive waste to protect public health and the environment. To know more informations please visit the official website of the agency: http://www.amssnur.org.ma
What is AMSSNuR's role in radioactive waste safety?,AMSSNuR ensures the safe management and disposal of radioactive waste to protect public health and the environment. To know more informations please visit the official website of the agency: http://www.amssnur.org.ma
Tell me about AMSSNuR's work in radioactive waste management,AMSSNuR ensures the safe management and disposal of radioactive waste to protect public health and the environment. To know more informations please visit the official website of the agency: http://www.amssnur.org.ma
How does AMSSNuR respond to nuclear emergencies?,"AMSSNuR is prepared to respond to nuclear or radiological emergencies to protect the public and the environment. To know more informations, please visit the official website of the agency: http://www.amssnur.org.ma"
What is AMSSNuR's role in emergency situations?,"AMSSNuR is prepared to respond to nuclear or radiological emergencies to protect the public and the environment. To know more informations, please visit the official website of the agency: http://www.amssnur.org.ma"
Explain AMSSNuR's emergency response efforts,"AMSSNuR is prepared to respond to nuclear or radiological emergencies to protect the public and the environment. To know more informations, please visit the official website of the agency: http://www.amssnur.org.ma"
How can I contact AMSSNuR?,You can contact AMSSNuR through the following channels:
What are AMSSNuR's contact details?,You can contact AMSSNuR through the following channels:
Where can I find AMSSNuR's contact information?,You can contact AMSSNuR through the following channels:
What is AMSSNuR's website?,AMSSNuR's website is http://www.amssnur.org.ma
Where can I find AMSSNuR's website?,AMSSNuR's website is http://www.amssnur.org.ma
Give me AMSSNuR's website address.,AMSSNuR's website is http://www.amssnur.org.ma
What is AMSSNuR's email?,You can reach AMSSNuR via email at contact@amssnur.org.ma.
Where can I find AMSSNuR's email?,You can reach AMSSNuR via email at contact@amssnur.org.ma.
Give me AMSSNuR's email address.,You can reach AMSSNuR via email at contact@amssnur.org.ma.
What are AMSSNuR's phone numbers?,AMSSNuR's phone numbers are +212 665 842 468 (Main) and +212 537 737 116 (Alternate).
Give me AMSSNuR's phone numbers.,AMSSNuR's phone numbers are +212 665 842 468 (Main) and +212 537 737 116 (Alternate).
Where can I find AMSSNuR's phone numbers?,AMSSNuR's phone numbers are +212 665 842 468 (Main) and +212 537 737 116 (Alternate).
What is AMSSNuR's address?,"AMSSNuR's office is located at Espace les patios, angle boulevards Annakhil et Mehdi Ben Barka, Hay Riad, Rabat, Maroc, B.P. 1306 R.P."
Where can I find AMSSNuR's office?,"AMSSNuR's office is located at Espace les patios, angle boulevards Annakhil et Mehdi Ben Barka, Hay Riad, Rabat, Maroc, B.P. 1306 R.P."
Give me AMSSNuR's address.,"AMSSNuR's office is located at Espace les patios, angle boulevards Annakhil et Mehdi Ben Barka, Hay Riad, Rabat, Maroc, B.P. 1306 R.P."
What is AMSSNuR's LinkedIn?,You can find AMSSNuR on LinkedIn at https://ma.linkedin.com/company/amssnur.
Where can I find AMSSNuR's LinkedIn?,You can find AMSSNuR on LinkedIn at https://ma.linkedin.com/company/amssnur.
Give me AMSSNuR's LinkedIn.,You can find AMSSNuR on LinkedIn at https://ma.linkedin.com/company/amssnur.
Who is the director of AMSSNuR?,The current director of AMSSNuR is M.Said Mouline.
Tell me about AMSSNuR's director.,M.Said Mouline is the director of AMSSNuR.
Who leads AMSSNuR?,The current director of AMSSNuR is M.Said Mouline.
What organizations does AMSSNuR partner with?,"AMSSNuR acts in partnership with national organizations whose expertise is directly or indirectly related to AMSSNuR’s activities. To know more about the partners, please visit the official website of the agency: http://www.amssnur.org.ma."
How does AMSSNuR choose its partner organizations?,"AMSSNuR chooses partner organizations based on their expertise related to AMSSNuR’s activities. For more information about partnerships, visit the official website: http://www.amssnur.org.ma."
How do partner organizations contribute to AMSSNuR’s activities?,"AMSSNuR partners with national organizations whose expertise is directly or indirectly related to its activities. For more information, visit the official website: http://www.amssnur.org.ma."
Can you give examples of national organizations that work with AMSSNuR?,"AMSSNuR collaborates with national organizations whose expertise is related to its activities. For details, visit the official website: http://www.amssnur.org.ma."
Why does AMSSNuR collaborate with national organizations?,"AMSSNuR collaborates with national organizations to enhance its operational effectiveness. For details, visit the official website: http://www.amssnur.org.ma."
How do partnerships benefit AMSSNuR’s operations?,"Partnerships with national organizations contribute to AMSSNuR's activities. For more information, visit the official website: http://www.amssnur.org.ma."
How can I join AMSSNuR?,"To join AMSSNuR, please refer to the recruitment notices available on the official website. The recruitment process includes submitting an application, meeting the required qualifications, and undergoing an interview process. For more details and to apply, visit the careers section at: https://amssnur.org.ma/amssnur-recrutement/?lang=en."
What are the recruitment notices for AMSSNuR?,"To join AMSSNuR, please refer to the recruitment notices available on the official website. For more details and to apply, visit the careers section at: https://amssnur.org.ma/amssnur-recrutement/?lang=en."
How to apply for a job at AMSSNuR?,"To apply for a job at AMSSNuR, please visit the careers section on the official website. For more details, visit: https://amssnur.org.ma/amssnur-recrutement/?lang=en."
Is AMSSNuR hiring?,"To find out if AMSSNuR is hiring, please visit the careers section on the official website. For more details, visit: https://amssnur.org.ma/amssnur-recrutement/?lang=en."
What is the recruitment process at AMSSNuR?,"The recruitment process at AMSSNuR involves submitting an application, meeting the required qualifications, and undergoing an interview process. For more details, visit the careers section at: https://amssnur.org.ma/amssnur-recrutement/?lang=en."
What are the latest news about AMSSNuR?,"For the latest news and updates about AMSSNuR, please visit the news section on the official website. To read the latest news, go to: https://amssnur.org.ma/amssnur-actualites/."
Any updates from AMSSNuR?,"For the latest updates from AMSSNuR, visit the news section on the official website. For more details, go to: https://amssnur.org.ma/amssnur-actualites/."
What’s new at AMSSNuR?,"To stay informed about what’s new at AMSSNuR, visit the news section on the official website. For more details, go to: https://amssnur.org.ma/amssnur-actualites/."
Can you share recent news from AMSSNuR?,"For recent news from AMSSNuR, visit the news section on the official website. For more details, go to: https://amssnur.org.ma/amssnur-actualites/."
What's happening at AMSSNuR?,"To find out what’s happening at AMSSNuR, visit the news section on the official website. For more details, go to: https://amssnur.org.ma/amssnur-actualites/."
What online services does AMSSNuR offer?,"AMSSNuR offers a range of online services to facilitate easy access to information and resources. For more details and to use these services, visit: https://amssnur.org.ma/formulaires/."
Can I access AMSSNuR services online?,"AMSSNuR provides online services for easy access to information and resources. For more details and to use these services, visit: https://amssnur.org.ma/formulaires/."
How to use AMSSNuR online services?,"To use AMSSNuR's online services, visit the agency's official website. For more details, visit: https://amssnur.org.ma/formulaires/."
What digital services are available at AMSSNuR?,"AMSSNuR offers various digital services to facilitate access to information and resources. For more details and to use these services, visit: https://amssnur.org.ma/formulaires/."
Are there any online resources provided by AMSSNuR?,"AMSSNuR provides online resources to support access to information and resources. For more details, visit: https://amssnur.org.ma/formulaires/."
What is AMSSNuR?,"The Moroccan Agency for Nuclear and Radiological Safety and Security (AMSSNuR) is a strategic public institution responsible for the regulation and control of activities involving ionizing radiation sources. To know more details, check the official website: http://www.amssnur.org.ma."
Can you tell me about the mission of AMSSNuR?,"The Moroccan Agency for Nuclear and Radiological Safety and Security (AMSSNuR) is tasked with ensuring the safety and security of activities involving ionizing radiation sources in Morocco. For details, visit: http://www.amssnur.org.ma."
Why was AMSSNuR established?,AMSSNuR was established to oversee and regulate the use of ionizing radiation sources for safety and security purposes in Morocco. Learn more about its establishment and objectives at: http://www.amssnur.org.ma.
How does AMSSNuR contribute to public safety?,AMSSNuR contributes to public safety by ensuring the safe use and management of ionizing radiation sources. Explore their role in safeguarding public health at: http://www.amssnur.org.ma.
What services does AMSSNuR provide to the community?,AMSSNuR provides essential services related to the regulation and safety of ionizing radiation sources. Discover their community services and initiatives at: http://www.amssnur.org.ma.
How to apply for an internship at AMSSNuR?,"To apply for an internship at AMSSNuR, please visit the careers section on the official website. For more details, visit: https://amssnur.org.ma/amssnur-recrutement/?lang=en."
job,"To apply for a job at AMSSNuR, please visit the careers section on the official website. For more details, visit: https://amssnur.org.ma/amssnur-recrutement/?lang=en."
internship,"To apply for an internship at AMSSNuR, please visit the careers section on the official website. For more details, visit: https://amssnur.org.ma/amssnur-recrutement/?lang=en."
What are the goals of AMSSNuR?,"AMSSNuR aims to ensure the safety and security of nuclear and radiological materials in Morocco. For more details, visit: http://www.amssnur.org.ma."
How does AMSSNuR ensure compliance with safety standards?,AMSSNuR enforces rigorous safety standards to regulate activities involving ionizing radiation sources. Learn about their compliance measures at: http://www.amssnur.org.ma.
Can AMSSNuR help with radiation safety training?,"Yes, AMSSNuR provides training programs to enhance awareness and safety practices related to ionizing radiation. Explore their training opportunities at: http://www.amssnur.org.ma."
What are the legal regulations enforced by AMSSNuR?,AMSSNuR oversees legal frameworks governing the use of nuclear and radiological materials. Discover their regulatory guidelines at: http://www.amssnur.org.ma.
How can businesses comply with AMSSNuR regulations?,Businesses can comply with AMSSNuR regulations by following their guidelines for handling ionizing radiation sources. Get compliance tips at: http://www.amssnur.org.ma.
Does AMSSNuR conduct research in nuclear safety?,"Yes, AMSSNuR engages in research to advance nuclear safety practices. Explore their research initiatives at: http://www.amssnur.org.ma."
Where can I find educational resources on nuclear safety?,AMSSNuR provides educational resources on nuclear safety through their website. Access their educational materials at: http://www.amssnur.org.ma.
What international collaborations does AMSSNuR participate in?,AMSSNuR collaborates internationally to strengthen nuclear safety measures. Learn about their global partnerships at: http://www.amssnur.org.ma.
How does AMSSNuR promote public awareness about radiation safety?,AMSSNuR promotes public awareness through campaigns and educational outreach programs. Find out about their public awareness efforts at: http://www.amssnur.org.ma.
What are the benefits of nuclear technology under AMSSNuR's supervision?,AMSSNuR ensures the safe utilization of nuclear technology for beneficial purposes. Explore the benefits under their supervision at: http://www.amssnur.org.ma.
What is your name?,"I'm Nina, your virtual assistant."
How can you help me?,I can assist you with information and answer questions on various topics.
Where can I find more information about your company/service?,You can visit our website at http://www.amssnur.org.ma for more details
What are your working hours?,I'm available 24/7 to help you.
Can I speak to a human agent?,Certainly! You can reach our customer support team at : +212 665 842 468 (Main) // +212 537 737 116 (Alternate) or http://www.amssnur.org.ma .
